{
  "stacking": {
    "validation": {
      "auc": 0.964940668824164,
      "recall": 0.9444444444444444,
      "precision": 0.7285714285714285,
      "f1": 0.8225806451612904,
      "ks": 0.8283890686803309,
      "financial_cost": 68.0,
      "confusion_matrix": {
        "tn": 271,
        "fp": 38,
        "fn": 6,
        "tp": 102
      }
    },
    "test": {
      "auc": 0.9575392544648208,
      "recall": 0.9027777777777778,
      "precision": 0.7090909090909091,
      "f1": 0.7942973523421588,
      "ks": 0.8113088816972313,
      "financial_cost": 185.0,
      "confusion_matrix": {
        "tn": 538,
        "fp": 80,
        "fn": 21,
        "tp": 195
      }
    }
  },
  "baselines": {
    "logistic_regression": {
      "validation": {
        "auc": 0.95532182668105,
        "recall": 0.9722222222222222,
        "precision": 0.6481481481481481,
        "f1": 0.7777777777777778,
        "ks": 0.7914419273642574,
        "financial_cost": 72.0,
        "confusion_matrix": {
          "tn": 252,
          "fp": 57,
          "fn": 3,
          "tp": 105
        }
      },
      "test": {
        "auc": 0.9281957928802589,
        "recall": 0.9259259259259259,
        "precision": 0.591715976331361,
        "f1": 0.7220216606498195,
        "ks": 0.7210086299892124,
        "financial_cost": 218.0,
        "confusion_matrix": {
          "tn": 480,
          "fp": 138,
          "fn": 16,
          "tp": 200
        }
      }
    },
    "svm_rbf": {
      "validation": {
        "auc": 0.9568200886971113,
        "recall": 0.8981481481481481,
        "precision": 0.7404580152671756,
        "f1": 0.8117154811715481,
        "ks": 0.81445523193096,
        "financial_cost": 89.0,
        "confusion_matrix": {
          "tn": 275,
          "fp": 34,
          "fn": 11,
          "tp": 97
        }
      },
      "test": {
        "auc": 0.9485159714730912,
        "recall": 0.8611111111111112,
        "precision": 0.7351778656126482,
        "f1": 0.7931769722814499,
        "ks": 0.7828568860122258,
        "financial_cost": 217.0,
        "confusion_matrix": {
          "tn": 551,
          "fp": 67,
          "fn": 30,
          "tp": 186
        }
      }
    },
    "random_forest": {
      "validation": {
        "auc": 0.9591274122018458,
        "recall": 1.0,
        "precision": 0.542713567839196,
        "f1": 0.7035830618892508,
        "ks": 0.8173318950017978,
        "financial_cost": 91.0,
        "confusion_matrix": {
          "tn": 218,
          "fp": 91,
          "fn": 0,
          "tp": 108
        }
      },
      "test": {
        "auc": 0.9502277358264414,
        "recall": 0.9722222222222222,
        "precision": 0.5555555555555556,
        "f1": 0.7070707070707071,
        "ks": 0.7763843941028407,
        "financial_cost": 198.0,
        "confusion_matrix": {
          "tn": 450,
          "fp": 168,
          "fn": 6,
          "tp": 210
        }
      }
    },
    "xgboost": {
      "validation": {
        "auc": 0.9646410164209518,
        "recall": 0.8518518518518519,
        "precision": 0.7796610169491526,
        "f1": 0.8141592920353983,
        "ks": 0.8283890686803309,
        "financial_cost": 106.0,
        "confusion_matrix": {
          "tn": 283,
          "fp": 26,
          "fn": 16,
          "tp": 92
        }
      },
      "test": {
        "auc": 0.9568875104878342,
        "recall": 0.8379629629629629,
        "precision": 0.7869565217391304,
        "f1": 0.8116591928251121,
        "ks": 0.7994875943905071,
        "financial_cost": 224.0,
        "confusion_matrix": {
          "tn": 569,
          "fp": 49,
          "fn": 35,
          "tp": 181
        }
      }
    },
    "smote_xgboost": {
      "validation": {
        "auc": 0.9622737624355747,
        "recall": 0.8333333333333334,
        "precision": 0.7964601769911505,
        "f1": 0.8144796380090498,
        "ks": 0.7936893203883495,
        "financial_cost": 113.0,
        "confusion_matrix": {
          "tn": 286,
          "fp": 23,
          "fn": 18,
          "tp": 90
        }
      },
      "test": {
        "auc": 0.9566927364257461,
        "recall": 0.8333333333333334,
        "precision": 0.8,
        "f1": 0.8163265306122449,
        "ks": 0.8016001438331536,
        "financial_cost": 225.0,
        "confusion_matrix": {
          "tn": 573,
          "fp": 45,
          "fn": 36,
          "tp": 180
        }
      }
    }
  }
}